id,bullied,sb_0,sb_1,sb_2,sb_3,sb_4,sb_5,sb_6,sb_7,sb_8
1,No,117.93407610107012,140.34895945717238,144.6037169099349,141.08148988640482,150.29323941898903,147.06411696112286,186.37300986120619,160.63984774541805,151.0853306709049
2,No,102.44513899457078,104.87023134811633,118.0735238501525,101.91313365629414,129.96275396065417,128.74877968482355,131.46245431434428,165.7168338107862,152.70490551365785
3,Yes,72.08466413620633,57.972404311077625,85.64920363144242,88.58357150099368,82.00733528636886,102.5774787740194,106.00156815977552,116.99750640426474,124.83207038091513
4,No,122.4243038248672,136.56716863965664,146.5271529052299,158.20920969525264,166.48707133695865,168.2699305374551,150.22293316797766,182.1736099595566,151.8135306805973
5,No,98.57798598210908,108.8958222018733,101.24449280404924,130.37568975134278,150.88482464927043,135.90289848737805,138.87389152746317,164.8283888295717,146.92458885399438
6,No,94.58955390909823,114.15169399129098,111.10810790383157,107.27482243252607,110.59221504310449,137.72862790108886,155.90814254543275,160.2277467536289,158.04402533030452
7,No,96.50962221387472,75.10731152134102,107.0558898038427,126.02686696066561,99.62396810396648,116.69843707259132,119.86137798666869,141.7186038533265,132.5923199128329
8,No,89.14591422063852,101.92615172145445,134.12440657224693,128.29321923133372,143.43266667849034,142.2579426868451,148.2247546468858,154.14651085233032,174.3499416505965
9,Yes,60.08423399065045,65.91369879515585,77.06877488129201,73.60083700808396,75.39147803546005,93.071766909960445,76.5881897256369,115.19274594073826,119.7747684341627
10,No,108.5063477616682,106.72463969755059,114.92950728978975,124.54194171841745,126.67417595946031,151.14560415213057,142.8178629105068,154.4053304614914,178.02343322357467
11,No,95.9872887491889,109.59018444436258,105.08437744060411,113.23559405431182,124.2204344733495,131.6525014678287,128.28679601847017,123.97508114723051,135.25060794384808
12,No,80.14435604236752,100.10251416362213,95.33805320282868,102.27068734546454,88.4314228922279,111.14553535663197,107.76326757241222,140.14685141092943,148.83610558579838
13,No,113.88772963109399,128.11930569721156,133.46300856330313,142.3526490068186,123.13525503665988,160.17405900134582,142.61896670585682,147.79716643854715,138.9716621469803
14,No,120.2857111634877,119.62136404117253,146.37449692375998,149.2449768564185,142.15185363519208,159.0037415192033,184.54722944238824,187.2245760410642,182.48866275421256
15,Yes,73.9612969911552,68.61668657873443,67.99134347537228,73.41154884426412,72.33154153518161,95.86157524380619,112.1053864561288,106.25553482001499,143.85887937365882
16,No,133.58138083148725,163.6097441251917,179.151420445285,179.46371203931855,202.5583293931776,197.2303221426446,201.3879925894774,181.62176075311157,185.4882753743942
17,No,63.20656336564745,87.49574211876231,109.6563495409773,95.87204796901673,95.4210308325755,113.48998458928733,121.43544136026802,145.4976931265429,169.87413834047967
18,No,78.36699613630728,107.30155122032842,109.7805620309348,126.80319808362812,148.42891247722318,149.89280255960503,122.9715213791572,137.6191014079714,172.27462006892387
19,No,90.7092137221896,84.84551705679974,105.54052638997246,94.75318173612655,87.5757582948901,117.6994360125442,112.26792269265934,118.87779007657454,156.37142568953374
20,No,88.88365561932356,95.05919778368532,106.80053094109945,112.11554286754523,120.15928428798752,129.6695271525309,128.02599499865772,136.69554251580414,167.08760132435694
21,Yes,61.63344168332709,58.12956675836708,57.426219707432345,72.19137541811907,69.4778932707879,83.11432314795204,112.49049463331144,93.30046320989035,139.4648568676289
22,No,130.72912859856467,124.40741143830869,140.40594993546853,168.2936650830709,171.9762425331574,163.57302924140532,157.15018246500028,171.52569040970945,184.1490659528586
23,Yes,67.38937022101064,73.74398368856626,64.597053644168,77.67917620958124,95.09679290182227,90.28473440616688,118.4681482711379,125.00977125800043,135.33573128532558
24,Yes,59.658672505553255,66.92810888636907,66.70520205447002,70.75474472577129,75.4828281216369,90.69457466783852,92.24381025053123,115.67777618709975,136.67639548425765
25,No,105.32991963006668,94.10139592052127,127.76196986722375,111.90104001335853,128.72114406447727,155.3552721966759,136.10044118904716,155.7776130738173,143.91349517137974
26,No,155.92861931660735,156.66310642487994,180.38552910846593,186.90665319792632,206.31425974234293,214.44162040500493,170.58888205320787,192.2543341058369,198.7743205487181
27,No,73.90482004475925,93.68031597102703,101.56340545831853,116.22594940209618,113.4772568199085,128.4915463110247,144.6701736908157,138.186532321888,159.84247709873543
28,No,118.78212723895267,131.51237659841348,135.15761443200557,135.245581786836,137.7250457862302,147.27558146591764,167.08862602247405,150.81826854330612,165.1051427431593
29,No,95.58551257217512,83.76100734661732,88.3690035338172,89.87640361324033,107.16556179664776,108.48288818377671,143.05106331047895,148.62546390198162,160.55349443741775
30,No,112.31414569271236,104.19104730811873,96.83529516136618,101.82172614899365,137.8048333671059,135.8215046915548,129.8800895396619,137.54254662405683,155.7420303831323
31,No,93.90945721162215,92.65594000792916,111.43733986423655,105.2112007258504,119.35564269924096,117.77438943801533,115.43482894988956,114.49176457618714,128.53819291549712
32,No,103.43451136358962,99.01122489050087,114.25147101432574,115.40544566864831,104.96294397357961,153.839781030121,120.24943031738204,139.63101964635484,148.73662977405493
33,No,93.98240896074795,78.52880506874223,76.54635792749639,77.01642497656444,104.76755096836646,122.16640443181818,117.75033916625878,130.63940453970218,168.55103522947803
34,No,104.52226298521568,119.39069412127604,103.24903680214554,131.88095906939756,140.86721522483188,160.66186559387168,143.13826845988243,150.266864355907,176.30718673449562
35,No,127.51868983953258,117.49668463369676,150.9358249594991,130.98833413155964,157.79884925337845,158.24544687234956,149.62012426463784,169.33284982704726,159.28449804392486
36,No,113.82265874349343,115.5124897633517,139.1703357289739,135.5754048785613,153.85537437426862,151.9220144770096,164.52404947423707,147.49089276079187,153.35452729174054
37,No,115.49733706581449,129.24776117695538,159.16205232958606,168.01063211589917,178.70167074765425,197.45942271833627,193.3566368969996,189.91300757931805,177.0728272827164
38,No,124.89495700245816,132.65825781250263,147.80023580635165,150.39382768047082,144.04352231146507,164.74314753162832,151.3081807518492,168.94131088561437,160.3722861447924
39,No,119.642803120417,116.88386070506299,123.19733604049142,130.46407527515981,146.339344994125,161.01447388664212,150.83794496566955,165.06122561987223,176.15308061638495
40,No,110.85561259512257,128.10881994243823,127.74608205820006,112.22967846552918,120.7269732195414,151.37593781752935,151.40317477482338,160.39784681794202,162.72861870228448
41,No,91.11985103982913,125.53525847421186,132.13746868871613,143.29936079196148,128.1918855639814,159.09760295736098,142.06846566343688,152.59025002524356,162.90205779671106
42,No,133.84274983032842,146.76215786806057,151.3238084217637,182.23946560772998,187.7697789460756,193.57084225430225,205.22002908694708,188.801950713935,154.9088303868849
43,No,110.96183797605582,128.7503027530563,140.48596560165672,151.2566127732165,158.07776829550284,158.65783853484302,170.26027851873647,148.13735847105482,152.46350538322784
44,Yes,57.71763134290645,61.671856337821026,62.02023073208898,75.14153047000497,81.13031994859082,75.74845485360044,100.52530838097329,129.5023081633491,156.2226763733297
45,No,78.58700365088143,103.23068049037882,106.87314755402429,109.17002531223227,110.20846327404918,125.56009062816076,129.33214373650068,130.0487216980568,133.6492185440983
46,Yes,63.67086482183971,54.5678313556908,49.9146886057825,89.86225997672659,71.44884283200378,80.72945825731313,102.08813710065482,122.78785300847191,134.38017353397834
47,No,86.65935543091928,137.890071084429,125.74120762593355,133.9246035332894,132.15629395817496,163.14072087657956,142.19078045684523,131.21353327459792,164.08988492578047
48,No,92.68488156231481,122.68888433002483,126.24662467451078,131.6370710172844,129.36887767328687,151.98096198083715,132.20686173055464,132.52488629453532,150.31875253445045
49,No,120.53801542755927,112.86895087949435,122.95646320318808,150.8458308943469,125.38085503647852,120.95280650450498,159.20820891714715,137.37859004114864,144.96094791541506
50,No,136.17194107212887,112.16965675939957,133.12381404762652,152.5383622929265,158.26924792415838,169.56901982747715,197.51780455350348,179.89158259637017,182.2175950640589
51,No,105.57558635226727,132.5783008276092,140.34324730028112,134.37609939929553,165.22834950684415,156.67169249057056,163.8573665388962,170.04771912204208,160.84731453907034
52,Yes,53.02742229186196,74.37501720578368,54.183389758850645,64.80939942613045,85.12996924250143,71.31710064053622,93.09608469970303,123.2970397576742,137.26770032095754
53,No,95.61618954155828,123.5941159951901,131.38995755584293,127.24178774447952,145.20814395971678,162.07732201725608,165.60395383022063,162.02107630041718,165.0157620872247
54,Yes,72.47820634170165,60.0572300668572,66.24443788399012,83.00666764762082,112.88283344908004,125.6998786817645,111.16330024320548,127.42759274516368,154.90730603988098
55,No,108.97000984593588,133.71965580374962,149.8922333758086,143.00848236129173,136.78535288490858,193.8388247139198,184.07673698654867,163.91129144849822,148.5380364436901
56,No,127.35763511707252,148.56375646835693,154.34659714052157,196.9179564077142,185.43203472518,179.9171034267104,197.2033118111259,186.44858773602903,180.06463242389432
57,No,106.66408598779697,113.40800130579169,135.35090243570625,120.99387821139571,151.27881353555014,152.28805401834754,145.1985557780768,142.28721576602936,152.95928957483693
58,No,80.78476767648331,65.5770156142283,84.39076476736635,88.36990793022439,115.71829390430722,112.70939536953955,136.98903365526536,146.40853234227032,158.57691333426396
59,No,74.94004230143082,78.20558110765751,82.24808895421894,99.25188161156925,95.72062931307212,96.41366455374592,121.25271996661657,144.3839470176403,157.50148198526796
60,No,63.98141618941275,64.5765269677764,80.98130224669003,71.73480317422543,75.19452093744772,103.40577768222798,118.89280991444645,116.81109310787369,132.09529681006202
61,No,116.94669324894743,145.4597076936357,152.49280151772066,174.36029034357077,190.40857321860477,192.33334221698354,190.5942326808057,175.5585667766191,178.05629091896412
62,Yes,70.21861854184041,59.90449944141592,61.19848603897138,70.6646204785778,79.54420430521333,81.21488715909622,101.31319879672017,107.32609438731525,120.81010019308351
63,No,116.79686799599386,118.5975651938262,145.82648400899154,134.9179285424325,135.04572585801134,155.65084363502925,165.24488183278075,167.6244443445155,181.13187508527807
64,No,100.70144444244914,102.79016752142874,113.94050282882404,131.57601593747867,125.21276478213812,137.01856094491308,130.64405456741326,145.5025206315197,130.03116424112366
65,No,93.44361218070998,92.8897439957308,108.97317853339821,113.50473731923027,133.18275808764804,114.20691850660114,131.07537307346527,125.83616847068038,136.522815038124
66,No,125.99703730646878,112.96809370402687,135.59658157603104,139.2247747577963,156.44348710250256,166.97316138817203,152.81734581629794,168.64211756060732,184.21497506889
67,No,130.04919444974774,165.79275663940402,143.46598612521643,174.78046583344303,174.9850170083579,193.49881374110277,198.67245537637052,203.6235683535541,201.897552495216
68,No,113.83944270337209,105.22510444306027,129.98296393080554,126.79443859736887,151.43769874314526,149.65290020227894,153.28849178608286,167.42253047698995,174.11250405194806
69,No,88.26690690865617,108.89529867415364,124.11920132105688,112.9531256184309,122.85305609883379,131.45741307837466,144.16870226846535,159.54823417653324,163.40123649791028
70,No,118.28098478297568,143.47484065934034,126.45563712424646,158.88980971660786,161.25648839000974,155.05375829320514,156.59922975535952,152.3815480737759,170.05525332873347
71,No,122.92878082645436,129.18998532101108,129.7336871875626,151.11903840344914,147.60431784452607,163.54204045338392,169.2021013892697,169.4594891868424,177.3888620582096
72,No,98.80326852837104,91.0241093592885,116.14252522593216,98.32381056055213,116.50940401856568,144.6872160595,140.37655173657686,139.42991805271402,158.96514388900204
73,No,102.52041024183791,129.028660973282,114.22760810093997,129.68084065395408,135.60435619709418,137.11209049152686,133.1911298762605,153.29078874936042,162.23846123461706
74,No,91.10490224290005,109.5450395833304,112.36005423129902,114.32829628467606,107.51723693607465,108.63663971934731,143.59509640347918,147.34093408225615,145.1944647980364
75,No,85.60131498049607,105.66287757639508,118.46908933124513,134.6474837152482,126.18625592193501,135.79415458849368,140.6825085468238,171.5397261838707,160.80444473229247
76,No,117.38954532408525,134.84208087739347,147.2290577666286,164.4349278356217,144.1902494649795,167.4270095434769,151.58406723228399,149.88842548704457,157.96767881687555
77,No,83.74537793865942,85.88817565628116,73.63182523905496,77.71669545714053,93.64562264696224,98.50568488048933,112.66403432099969,146.30950961564446,147.01702745392026
78,No,87.7604548430499,74.76462495652845,109.63165319126745,113.80305553810459,117.79810179812978,106.12496218942007,114.72142995998291,128.37828737924912,157.30668437010004
79,No,89.8114722783269,89.99386905455333,77.5186791330743,96.93099629767093,108.25173847834287,103.91801781776917,110.97031153527197,124.65053567708594,166.16765028049986
80,No,124.31943712982786,123.92884952090965,139.27637255882584,165.48861194174697,180.40142871703654,185.5348700763764,171.79604713806776,176.16145873334716,183.74820432393324
81,No,91.11565705949786,97.54756381553354,92.72977090469496,92.8053641598425,99.24558600233556,108.95837446002949,121.37252905491613,118.20347142399123,144.77735969036667
82,No,155.7277063319441,155.90195799040745,148.96098179796468,146.06955092217066,183.2009329986705,173.59216578506013,202.93989136413512,170.15845365308618,180.9675187244764
83,No,124.42203431297321,118.51226511108732,137.02942290550467,129.918068996723,158.88499111742541,143.83817137734604,140.63318848143174,159.58509925810353,159.91655989320535
84,No,139.59899013296817,137.98382365156976,130.59720041771942,163.43609433044827,172.87298309626686,178.90464113837737,164.6971090741136,184.53168044860263,175.524790775477
85,No,144.83084841975926,149.95803983122497,176.4246114876068,192.20970391819463,186.0442486699212,201.5781465606771,184.98770216196328,191.9195728432337,174.29960219238626
86,No,52.488449007354554,74.21171659173305,57.635000012341465,78.86280210861133,95.0932064946709,95.7337686451957,101.61654866959955,98.28388429476138,136.89553975771068
87,No,105.03949443419626,129.63947621530397,131.92649704334008,153.9274132538066,146.25618328870496,158.44264123341543,154.4288911102663,153.0942939702463,148.7372812396642
88,No,88.82071111064664,108.52363003054798,145.2419077012013,139.91298075810607,133.20134656442247,149.17731655253252,136.10603331887592,157.4534444794166,151.87007592891436
89,No,100.45743973111331,115.35958696031027,126.75254059887033,133.4690941207702,143.88423329503385,146.88644357841758,161.0477290779532,157.86663562278895,149.33310311506878
90,No,91.56366425849811,95.79617769461288,96.79884263795333,113.47115126526481,125.32646519055122,120.12872430838084,143.71500949624377,141.6391545245561,170.8577849818514
91,No,67.87150233128602,71.83973998753328,86.07909507959945,82.43909934759628,100.01257611533651,102.23591668733941,79.24715912625507,102.83038819161453,145.6345463085722
92,Yes,63.627151215813214,68.77572784483426,74.94383601626647,66.64027678503501,95.93120502390525,87.93089346665829,110.45097456996709,123.32410498233409,138.9369056326587
93,No,111.64202643115003,146.06792770641198,146.8375063440909,157.09823427006563,161.48740424122207,180.81400979499125,162.76380847922144,171.87069540135718,147.2105206002532
94,No,122.46901723835555,145.76405980650142,145.21260603680923,148.37455746771795,174.60881680715903,178.49489809752518,190.1231984935991,163.7641534844875,160.4884486510648
95,No,131.34811173337275,162.66337686847817,141.3992703112084,168.0687198213371,170.69986248621007,159.67769417754297,192.67308303851144,172.0761675718508,172.73373986834903
96,No,118.25068979673088,136.59060223325804,152.36117669953464,184.1372296883252,158.18529652793168,172.00930959759307,159.86261049461427,170.58776328413632,140.68678950528158
97,Yes,59.426706539965814,45.81894286877632,69.39076408223524,64.95159137353016,81.85278141583366,91.5523777631134,99.6580836721082,129.41383519323387,131.9685736220474
98,No,90.90896780434424,111.79363539786326,107.31350119962964,132.33686878905817,138.38711452163207,132.83123494491647,150.84714449677463,138.73070599137185,152.1703294764911
99,No,115.90849559925731,131.2252462817506,145.83499544626198,161.14448717519815,149.83150869693642,156.19654387807714,153.42000766575546,162.63105827876808,139.50089484937982
100,No,113.18103246772012,127.37909010271525,148.7694828804436,148.82601331153174,142.09766957379787,140.08352005741153,153.46992911920987,148.58479470349542,154.32541253439126
101,No,91.08075326668208,86.51792684103255,86.91388448727449,95.62606510135394,108.73872334678657,108.82813625294797,116.99411190309989,112.1502868008188,135.24341810627132
102,No,87.16358453964729,100.84233023621768,111.85138008646483,108.77659138015848,130.64576089040924,143.92475449164107,129.9228161093293,148.25585367011826,143.1451491006697
103,No,95.48785075396138,113.6908697393426,128.75845440538046,152.39473533484048,136.72138057141117,140.0509163147125,157.69066636740493,139.12267662311677,147.600533718822
104,No,120.96527962315267,117.43318022707237,138.94138083742368,149.28609710489167,164.83224721155977,157.88689808872135,137.953998473327,164.37804933029645,155.05899459716233
105,No,109.43611358376718,128.5153479940636,120.57792541226688,143.77656711050653,165.6433571733797,157.22489876357776,172.80715684987968,175.98186518905902,166.92643528947525
106,Yes,73.83324668927308,62.50665998010012,60.14567492168423,55.04053181575378,81.76005806290988,70.47800592103286,100.16752578283672,122.49367191023009,144.52647045223176
107,No,94.91117976761564,89.07921864064565,75.13798939825685,108.75404622778754,106.53200052825935,106.12088180803573,116.47940724893732,141.9730587207132,142.3870382526555
108,Yes,50.02079305442338,61.16662367020213,58.11437090832459,61.057600800818506,92.24994625175862,77.09647369198441,103.50180330664907,114.45446331700066,156.2935926304604
109,No,109.03187764027109,105.80427934801713,139.12008678270553,127.84042826036733,150.03625131922777,138.3999209643844,153.77516611098784,162.224491062617,168.60121356694015
110,No,118.38952045111228,120.78469768569835,140.12322323014993,126.26848234530121,144.62296481615041,131.3415898326671,146.69721814662034,156.30993873131865,146.83856896026873
111,No,109.40957415394001,145.95307291666037,129.66383990676013,146.67821552641266,165.15420247385458,179.3670618036048,162.95882122268074,168.90026054900665,150.7734926829774
112,No,112.11338662327792,106.73687998051173,121.60720315795018,130.96159937668767,143.61344004107,153.87829069421682,151.1128838055462,143.7781297205778,134.7908446997371
113,No,93.18772567859158,100.50727837735137,87.10651887145579,113.04633897396346,111.23484203480652,134.8559170145912,137.95075412497505,149.00277834286047,145.88413841409468
114,Yes,74.02564841314273,57.124890830517174,86.69880564378742,91.85949732065367,98.24131912999047,102.70967826432786,110.54731035958707,126.11392441600307,146.17651607163944
115,No,86.03767801654264,76.53258503798119,99.59924569594837,119.44184657248015,125.54679109542838,123.69606169738833,135.38541806225902,128.0403254821476,150.644535609427
116,No,87.00887692485631,107.77177735513791,104.18375591047209,108.73053528617633,120.79372159565695,124.2247365909121,132.02359156854257,140.04466273085893,144.8430034325868
117,No,84.91647106120348,82.29384264851868,77.79474215600933,89.89315966127094,93.21577031050694,94.41066598647663,118.23334673383187,141.29905597812234,149.98623099606138
118,No,80.73602336884483,81.19688343567545,97.18673976820781,109.85113289463607,100.71253815340964,98.49317592501848,99.56816978596626,124.88622430632337,131.75876185753975
119,No,92.35743993365007,117.59843812966054,119.31965012174439,117.00322447085665,126.84738714441939,126.69557149455623,146.46331407470456,150.7714767645533,138.9884247623687
120,No,109.81919441926503,121.32577270869668,146.7823564923614,146.51669305400196,140.85342927230758,167.69649953487786,166.73143212509513,149.42869325065857,170.61636074720107
121,No,64.4865273617497,100.4565296777885,80.10092598904473,88.06717122885073,94.56545105976284,104.50072380620676,126.60595961907012,116.68844256440218,133.00015089222885
122,No,106.028450030628,107.3711475117554,112.11317274634654,118.92395923815971,132.4045055399054,114.3891207887819,132.36419088556246,163.93432796118108,161.71291637110915
123,No,82.8200694090443,69.7748500185418,79.65395355065158,78.88080039010849,77.45823975744466,85.66346357468476,95.1888217052142,114.1188685266377,149.69033248259464
124,No,94.97851989952481,120.6233602606278,146.35231563391545,133.26445375081587,137.91566526440948,151.5588797854899,139.31548244902623,163.45431997002225,160.00467081285416
125,No,99.18957244565726,144.61081864897352,135.14377326134846,144.64909437906886,164.0009425508431,163.8455540901369,177.39679183214338,171.24299714057486,177.5103899972206
126,No,87.95292850817047,94.55690038376443,91.38917445420628,101.01285434794961,134.85290755014518,133.1898908882006,121.28157893199159,140.2951024230949,151.40526699839876
127,No,118.52897647867356,128.14726909607415,129.53354170415764,146.58437845122927,157.87724795559745,156.3246811378455,145.92591227562465,152.6632993626658,155.46404424875868
128,No,83.639079542791407,109.92606500534589,80.7581712179329,115.21569322652944,130.45150914769275,117.0066022451267,138.3788685513051,117.38761762780199,121.20898905931986
129,No,138.84553970140342,153.0547311881877,137.78247866587768,164.93892156914168,188.3746187049643,196.72318086030816,172.71867339085054,175.0427537201758,191.84043408932015
130,No,143.18076432510304,154.75340784738194,189.4875960321359,175.65274455604043,188.37542125862973,151.8387045646861,153.16949469160681,188.45021742107073,161.92511622568668
131,No,93.71208125506618,89.65962342281694,116.90193988403624,105.63824451448842,110.96352249954299,113.0413194061861,108.1223282101445,138.60061302364153,153.07284496270015
132,No,85.07676160032804,104.69419645679923,96.67980076613918,118.66269757919709,129.43906796648028,126.49598323915193,137.32353671519732,139.98760066632175,163.29046033898115
133,No,91.80608867283058,96.63926721432075,85.00976143470648,100.1762575843643,106.17024421684769,112.660066500107,137.87272951903918,125.05227213471628,126.21176231132053
134,No,134.77194351427372,142.93255765742828,176.16138567336853,169.05736726772554,172.28518725854696,206.28023991477977,193.2569747568624,198.27540196902407,180.27280529237296
135,No,88.58494230374568,84.01479713233414,67.03209397419619,90.5182493082242,96.72609548641339,116.73903072640043,115.00826903062034,123.81992084075429,144.27570648838744
136,No,77.45358967218402,79.84610271282573,89.74078208772792,85.39178698070822,106.81812562640542,98.59108742406258,120.11977523648716,136.4694745316042,120.33745816108103
137,No,76.0850653605067,73.11674601699278,80.72954292605549,84.79429387140613,122.73151195436324,112.09600069825643,114.70909199327765,136.7841959059654,172.7996794704444
138,No,91.07557085274799,93.13093006831417,92.29700829108631,100.76941259727805,110.3617649554549,129.7948001455451,115.58006873214347,134.76646408622452,131.26597824711806
139,Yes,71.52800213138069,43.03460124261713,64.56841774286305,82.04900641548645,56.55083916419861,79.12973164534242,116.84964478474782,95.2618881217133,134.48731445561623
140,No,136.07964121120972,130.13400799339055,150.99802064109386,150.70337879979698,174.41962827909578,173.79698612464102,201.05480564999513,168.4009656185889,174.74029042567156
141,No,109.08614348545552,116.93180370861906,127.75320950633794,144.8630576201829,153.0549979017745,164.64708080985673,151.07263908486985,147.77724775175656,155.51017013473563
142,No,100.41801666671746,107.41896303789657,111.30532222004943,137.23411407660737,103.33339760890115,119.77404898268856,126.68071679796081,135.37702716846405,126.02778868250864
143,No,127.15209480474866,129.2509094494889,145.3802212389216,154.80273688033932,147.89578989475768,156.91027870127024,155.02119505770284,149.82497539558224,148.19613906859678
144,No,104.9233895341758,114.60063023105062,118.58856563813214,109.3896119839753,118.51096743872155,144.48056334169087,149.8312001359126,147.1770663710856,132.23709229204766
145,No,94.06344475481055,100.90809522453642,95.531089813310885,118.22467080887792,98.49741917363176,115.03897094940173,118.60722227569347,124.60900706986118,151.4225426804398
146,No,77.08335722402344,108.92819703106416,122.02247869090206,161.53099325628853,154.644060491287,171.14068226276703,164.54413749760022,159.4210473443983,159.93565750061623
147,No,96.1960077669234,106.87852749419612,104.21465243600338,100.461236484882,105.90384839398897,125.70293653281355,122.65860936380597,132.31987681871976,132.07473193882356
148,No,99.68302360003172,99.25264986520499,91.58172636244419,109.03382648643745,117.59423574770415,110.25896902560089,137.775453835279,148.96183448522905,147.14115274448437
149,No,116.04883184569475,149.59505846155258,138.2760767200463,154.75135401331767,140.28323329803078,159.38707524212683,143.90179446585418,164.57920132680016,154.20217490742962
150,No,111.40731860410662,142.01105353110688,131.41858261190114,160.0480532256079,163.83418220464748,173.1179000406861,155.77801437492644,154.55248532285236,160.96434057831235
151,No,71.31673857620795,65.19270852693757,101.59257058741352,78.30424435019921,107.84527055922007,135.30237517799415,120.88634665193891,139.39684801043634,152.03811617952212
152,No,96.61587718944354,103.27193332446225,124.07609571355343,116.87248160969116,124.35272180245727,145.4703063626719,171.88321032738062,157.71505967985402,168.942772432927
153,No,98.88365501113606,91.95414317048338,79.45229070510352,110.72182145422471,105.66467595254574,127.01427985930884,127.81803667562794,131.35044270506938,154.077530661519
154,No,115.55271884464166,124.50716030617826,135.797903391915,171.43835069317404,157.4339638567193,143.95631835869935,169.32890257457652,148.80586300893748,152.35407604578003
155,No,77.03554835966905,70.67683370189596,71.11482498889055,71.21328100778695,99.89549617684449,120.75117899716508,130.40077667133988,123.24802011024804,154.90981460017545
156,No,121.95989361587093,124.23739389719033,157.19625174581304,168.99762148284182,171.40152125871873,181.35067983126055,151.34028317582403,185.9068611885209,164.90661445911826
157,No,93.88108651872965,99.58741466713177,110.58675735482907,102.05214012667807,107.12925729979398,91.88367175254118,136.4217368430411,121.45275004226507,153.0427145206224
158,No,100.07610951010105,95.2607085269424,95.67014061659705,125.13001668139589,110.23384220038673,135.11113975601353,131.394122471518,139.2369962877289,127.30584981219835
159,No,92.10198420537503,100.34264006870562,103.94081902846652,133.00724637299257,131.28608662240902,132.17244059794297,126.33554457563956,141.01207533200804,134.89430812994794
160,No,89.43444317414138,108.43239184428629,98.32112054993928,115.0420913339348,108.69428295309542,108.7304737271816,130.49644892696142,126.2027376139772,139.59392638484204
161,No,105.66673503893077,111.64215100654908,107.8151268235544,109.49128653790143,114.09327311479333,134.02489224120114,126.64266275023971,125.07139995291799,149.11246185182534
162,No,121.2917428855256,115.15849501763542,114.34958501952761,136.32968310962093,155.3107331674688,149.2036980209697,166.4811429116171,169.81249000913425,183.06442734147618
163,No,118.30472639284105,104.35963900466845,110.44097720019094,128.61441621474611,132.82074588960546,153.53322639962667,145.73743629713448,165.98419194201534,176.79931590023298
164,No,78.49171664498338,114.14727003785565,101.69742962581813,127.2330569946069,130.52870882769113,124.23236299751424,128.39611829625687,130.61228575111951,142.45957969035527
165,No,119.79367120864852,120.4510855828785,158.12686083169234,160.0748299355432,164.98286510621818,181.17312385078202,168.92184588827695,175.39941079682586,182.16785968442414
166,No,120.94091927863283,141.54220287524493,144.57499095919144,150.2874821846937,141.1613734745278,162.6757739365948,157.39853292487282,162.7972121185839,157.48625750955492
167,Yes,71.95802491850453,47.208211563339034,50.15735820240191,66.69965404240338,84.08682461815114,83.30562021275887,99.21704920535488,115.3296938996339,137.68522000255314
168,No,130.77107479352898,172.065714954454,176.96546783597802,191.83395608524006,179.34151667391197,188.0626119502213,192.05814451098036,166.51039890919634,179.18701491062927
169,No,121.23870009106354,135.62238964584589,156.67977603371557,175.74263246996406,163.76661806710035,168.7162048310338,164.21797697879478,158.24686295423854,147.27351202766218
170,No,66.40919081251121,87.96242598846177,93.67280041821714,100.665608645175,97.53461471724077,110.42369023268171,113.16880223023342,147.15277019986564,157.7326001692108
171,No,93.04550622147896,78.62280693807999,99.64114878848976,90.04962556797499,114.2371346259719,98.66975915180626,112.72813117627366,126.92874477114887,120.96038846857317
172,Yes,103.7276466103752,79.48994028107063,89.51078669800275,110.35462970554815,110.87994214826655,109.44976322500798,112.52000240256375,131.0076760813848,159.88510934713466
173,No,98.54591664752246,112.05860489190333,116.22199862230066,128.69011999400652,126.3470898675204,130.68396605858078,143.47583988589378,148.64787379146054,140.79800457646846
174,No,79.47170451025751,110.86649909566346,95.59807386164027,101.62303655607563,115.56419369706072,132.64912688862228,157.09623538397994,148.25148652241666,176.3555290974146
175,No,113.70254434649115,128.544152623209,139.64994627724988,137.51473392209817,155.09761164172278,182.30507805052193,166.12220606589946,156.02094681524903,160.25513630724274
176,No,123.27073325551245,111.15593911681147,163.77202008174214,136.5473954226989,138.4015670564671,161.59875471418908,150.567656394648,143.57019181712866,161.5046606809381
177,No,97.49310836969315,119.87308225469828,120.42171662184329,145.90778262583672,136.4767210902252,147.0012275056526,143.2819194717309,145.73999094372058,149.31090137182156
178,No,120.77131964555738,136.66429246798864,143.17153038412448,142.8342234570665,155.8637419072737,161.473741112157,157.3824211994122,171.960158495516,163.3712853782824
179,No,91.14409747104932,88.09319543453026,100.87110477933356,104.9395838911805,103.25307334823243,109.34346410130561,133.69787225935184,124.94695871235031,141.2251292610463
180,No,128.0272776860847,132.04792856967367,177.81414172134984,186.99182020443578,170.051342976204,189.1510848255522,162.41764331075592,171.01927519886573,147.8447992340165
181,No,101.88653588234088,136.51564695152726,149.51417619535562,157.12814918525314,173.39349166982942,163.380810640856,166.86439865900672,155.37511107049005,139.3657488597047
182,No,116.81524445095424,154.25606631754545,140.88345910961561,155.74444125804698,162.51789239854875,166.38354248180002,184.43174132040738,167.70009554640887,167.93252641021206
183,No,79.65807328066357,96.8651340236039,113.79819041639563,124.68114453140512,129.40537613051376,115.19912888276518,124.83817529410719,139.79737114209854,158.56468672768264
184,No,129.36195900480732,134.6243387298614,150.34605203807314,140.19781213389547,173.6584964328831,178.9311070800859,149.49995949447583,171.74565023813008,156.4598872862011
185,No,97.37176403680128,94.33576974851701,122.27842411576623,107.81500727466022,108.398895044082,116.41330926502594,124.0343620394873,140.65463680925203,142.98759065922695
186,No,68.68880675920329,78.53913571237484,85.74093631210388,87.99565054373353,107.42359877432027,99.86379829473893,114.98488084287729,153.1200489429771,130.73715697251995
187,No,92.24947909937238,108.93365014851567,128.93412255065596,129.77513953377027,142.91859485713601,126.32552289904189,123.86338861204509,141.0747103047674,159.41898762452453
188,No,84.69731633705815,115.63512267139964,94.72803342058097,110.13453782724943,125.75255282260812,116.46629513681292,132.70901088917554,126.08304152834432,152.96147941841258
189,No,117.7295098029199,125.82310883075907,154.3153858587395,143.79069260606346,129.31228864703743,161.5251820648796,145.87490819868458,150.92384598359558,166.59751804896013
190,No,107.42796568290888,96.9325105223507,101.64248403415019,87.9252701995629,113.14875584070514,148.42994892416468,131.55488878889156,137.22542628924444,140.22655668241885
191,No,130.15014900066038,136.9023621238182,156.68545215589336,162.09587194021395,147.0132924994919,182.502437334549,159.6110054302244,177.87337411875333,168.99286676876181
192,No,109.1571541424499,120.84001977830088,117.70354385466533,117.78629054256974,123.23611061044726,144.22174781747867,154.67363128773115,151.90190492200395,133.6266860477268
193,No,115.97214690417913,136.68380115231585,138.8568375248625,169.71676177549523,169.14246100089719,175.1215600246863,178.34691677183505,172.16378965777042,179.30587380131684
194,No,99.932322523091,110.79557997718119,121.17413513152316,139.4425824521397,142.71131757322613,140.4327062512855,152.3262706690447,158.28877397645167,141.49847827106203
195,No,84.39858759406488,71.83503349429988,98.3894740794119,92.65755592900102,103.42963291606185,117.2058119671893,101.62588249509406,129.70144612262806,149.55561838041913
196,No,83.8941226825977,92.03115152475252,93.81176108724961,116.55933887559718,115.01182171097733,109.70598210708953,121.55536523423848,147.02083004551702,142.95775487909523
197,No,116.87521616617448,121.53199316047605,133.55575492216613,126.72135821048695,149.01812474188984,154.76976663244858,139.23664767268306,157.46020824215663,148.19694454605389
198,No,112.18599081866206,126.64013965471683,130.65587872423504,143.78120615865149,170.24864676947814,151.0669131775017,157.18617580905735,176.5924209695766,143.413451442869
199,No,122.8133126461288,121.75760739007623,137.46212905160095,147.95141845777763,137.8288478416647,167.43032937250592,172.09530909070412,167.57475482218388,167.13839630979803
200,No,113.29647775885914,128.706515818525,128.83122129567695,154.7293918866822,145.1270721767821,157.64916571220502,157.35529838018263,157.03775109436597,176.67136007680588
201,No,97.82623652142293,89.6817794002099,106.27030884789114,122.55004631673543,126.76796952850977,111.0478197882453,144.35346713046087,151.5569359786459,166.18480802761198
202,No,105.77258072870322,123.80493366297507,145.20261833664884,167.01590378402395,152.45100534000994,173.9209537482317,155.70606688807436,174.41020407166903,162.66008699026239
203,Yes,49.73574345252877,36.76104712768199,43.39988929298325,53.66470387092865,53.492602691450074,61.23835793187379,73.5317399157559,93.14863269603623,123.57371943061965
204,No,99.28906452387915,98.53061640389089,112.90219937851789,112.36960631762258,112.75355360311174,134.5991106394991,147.25846952136655,144.68772973479523,174.21619367152329
205,No,118.26219047412499,122.52354673984655,141.47811639356695,164.55191684540495,156.98468710722574,145.58175646669673,174.0730197987403,172.8691786975318,158.06198648524568
206,No,74.70309042781524,97.83118520646144,104.2123235958864,108.57729871001031,116.33335815567132,137.6409012124387,132.11425681235332,168.98147866726595,150.51845858639234
207,No,115.57987093489507,120.2200448062209,123.37639248530633,118.9798964142022,117.94374442099404,151.54324524060718,133.34128543055485,157.7878605748283,159.4213879814183
208,No,99.88526495911881,124.59984963391624,112.25368772773741,132.25436923798583,155.17829548212114,154.55507900175962,152.08049021540654,133.08828159722836,164.8122920411579
209,No,92.75321328557395,76.63180956949986,110.58040384685583,112.51400906104925,127.01328375205057,127.48696208125398,117.38487341737236,127.38490499058555,140.55753326476474
210,No,92.75033598966914,106.56641321928845,119.26294101032539,114.73107982741739,122.83862909246122,120.46045232145099,137.03395754930727,155.79192070019104,151.4846558824956
211,No,97.09402936145125,77.7101664957142,93.42820125632329,98.58777382929931,108.12815504109963,124.62549424274663,110.145305150831,115.32771527450593,112.9353350743688
212,No,97.15336760400399,126.448082831657,137.31372755814596,128.8481444017999,135.65538882815488,160.3395129627523,150.25884497134908,168.2189062809793,172.90494503241473
213,Yes,61.77279139792346,76.78732133203408,46.05828985297629,80.99746777485976,88.31862543998925,84.76036447619637,112.90611457107654,111.86003061015673,149.3746659793957
214,No,125.54650985654015,151.99204519477036,148.02624662199824,154.34134363717848,177.33554317859492,167.43849544405379,175.39488866490393,182.09761502075077,174.56254351568447
215,No,95.38208959251007,106.04425747972407,111.9100445569411,125.00052785834781,118.07183314888789,148.56735098025788,125.96644711017336,150.13077960102532,156.44947361468286
216,No,81.76004252664018,104.96532115508896,97.31069128814669,109.91086073970406,115.3294003028526,132.2843876666947,140.77587707382557,138.96285933763878,153.49914566043523
217,No,74.18448824815586,87.01507062519633,67.29824142668596,91.49493496941852,97.4588208624202,102.90805041715004,135.96794859826502,118.43253485192184,154.3139924777142
218,No,117.57383077448293,132.31504339831494,158.21508485080986,164.52655985344484,182.49491356184384,171.04748022643525,164.65175628119712,162.9200460935695,161.03860335340798
219,No,104.61731716260306,140.36378895267134,121.88748999030098,156.19204529565292,156.01454598077882,182.33377442887988,182.22886806863787,174.46395026940837,182.21159087410015
220,Yes,62.80274661645177,54.1279719465215,79.13424104746684,82.07917571979188,78.10738884182581,90.16254944961403,110.15818609831308,133.8568820240292,148.38112749450715
221,No,94.82336402065965,100.59655217371922,113.95367861020593,119.12140768499883,120.19102518337984,121.10708433487687,107.48834997492648,157.43104901596223,154.46275757107927
222,No,72.10747322216618,87.20479835248693,108.54112061966343,103.84193689889649,106.0296102534725,122.65295287522392,127.64278483063612,146.82752235687545,142.66212291228666
223,No,119.3665727234692,116.83430537172117,132.5490399592848,145.44041495106163,150.54919220116903,165.24059769309585,164.82185499549536,148.98928773326324,192.78664491857393
224,Yes,60.3110798106238,69.13682841291927,74.10767389330297,66.05298174864603,84.74808572092604,92.629789080872,99.90199396482714,98.67240922093347,120.23418489304032
225,No,106.86117453248013,111.5280936356084,118.73497822209802,126.58794544445317,133.01403474961282,119.90221131279728,133.4840794087356,153.4933762362655,143.81525569252162
226,No,84.98789573724491,93.9513142432604,110.32674672692096,113.36316306945064,112.81365378363799,130.04183730323277,124.35071154918305,141.96817934804483,165.21904227227347
227,No,109.54609573114341,98.09677464956863,132.33366932935252,133.93234777409413,115.2230421328744,149.86366223696174,141.4733026735823,144.17505811215375,157.62380510984562
228,No,83.14673812299968,72.65351161255546,99.94544762838422,91.06512543783666,108.74749419544514,106.13814592253354,133.5146665686044,147.4630561840818,152.05756906192943
229,No,116.32755220159713,121.10023677759892,154.27848108620714,134.39912282127767,141.31047312128368,143.20386846940303,134.6645491584708,144.16594968267344,127.46735802721946
230,Yes,63.180842217639885,62.10233572796291,62.44617913038884,69.61674852340931,65.3083938809449,74.51247119460494,91.99082255104607,90.04168718492335,129.58909482967
231,Yes,78.41531402380129,61.62777236947658,74.90023590238363,71.10830276074847,104.7762931307189,90.57003131027673,105.86969989289656,121.11359750804674,149.5397535771516
232,No,107.64592021784244,148.34228392436978,175.42907770323163,152.08257559908418,188.44209728350324,190.6684090550983,212.53359444121588,202.51145457624997,181.23824504789525
233,No,106.63607773445773,118.16015009071693,127.84336112612253,139.28129819791306,141.89199628400434,157.94821254479137,165.7935011819839,169.92646066804272,166.182711292645
234,No,93.1487273608039,100.62895682969535,121.22095214022255,127.81918799962472,130.1640800289744,137.37296057023457,157.70393116470544,141.70067106346795,157.7075821340653
235,No,117.06028322757635,172.22353546881422,142.80248744316066,170.13408818097537,176.37738154606276,181.37264201823302,182.69273578198596,190.90817469185143,181.72354479443348
236,No,107.19672449954734,151.3543190369308,136.70835815890914,140.29522293534404,164.80165076720755,169.13938367421068,168.5198493654609,165.8292095631049,173.72003044794383
237,No,107.5886891262758,132.23857937118814,125.86926267702464,130.06336758606548,147.73882907936735,161.61561161066794,158.29095106287332,161.6519075474471,146.35468818860141
238,No,109.51303390285226,107.1515961472329,107.92614243856211,101.59486248612879,127.11573907349415,127.92448926011801,115.06526472692322,130.17733442544716,132.30791456107198
239,No,97.90015670793706,98.40201854401258,110.82782462106876,129.24752100203392,110.34958496952828,140.4292385538087,139.78456199809068,157.44273701615555,178.8210842002978
240,No,103.03310444172632,114.53806659452779,119.44686958899545,156.7982146413023,161.92624645583484,164.38474970943423,135.4142879880007,158.11044385305513,155.73511982711912
241,No,98.42868308565917,116.37824665706879,107.76233945348827,144.8695144948954,123.22908400429196,116.69299542784039,176.74621333101763,141.24476341478965,155.47850949611487
242,Yes,33.20660722592895,31.614289264040735,28.145623523544828,44.20696607373648,63.67618260701953,48.23394672150667,86.37434480925909,138.6032923754967,121.06338826541786
243,No,80.5481491744772,97.13553750012233,69.051902263399,91.42919728992034,84.98886462457907,109.95269896949497,125.12236556378353,131.4006885946348,153.52730127177117
244,No,98.6942933010927,90.29548292760747,108.88229076001602,109.9859031421474,97.36964184024202,121.77903614781587,140.12730894100446,142.3582409646971,153.6405706026332
245,No,73.5163504514843,98.38163260197913,100.68082348480463,116.9928790647355,112.28354939341514,106.83230597742288,109.82376245733829,140.20864085636006,144.20814791667132
246,No,111.47471347511575,121.3104243658294,131.56055302812447,134.92826870873947,154.09880731985857,148.24377689198505,163.66958536693198,155.41914521509565,149.05694741478294
247,No,80.97848706892772,108.58776194642769,111.96212172694504,114.41820453692287,139.34742560083026,151.10647077137574,143.85239759996392,133.16769410336758,145.5749578728099
248,No,87.65473930260563,110.64129632305209,105.32566924986608,113.51703301837796,116.85330039473455,119.5548683768234,137.27969882532992,163.38062838525676,172.55049756635373
249,No,115.40634176796351,119.25661793291522,131.69770911307847,145.78959967124496,134.3279410230387,125.9002265282429,162.18448394925713,166.58720601334429,170.52595910870986
250,No,88.27046249136953,128.10223543338367,135.58473032794817,136.37725536643003,128.81826446820898,148.527400779153,167.09204742678156,167.87287145459243,150.3840121856912
251,No,86.76512231691503,99.38470736045399,86.68740833607319,97.97496149882272,135.64313161459881,136.55291640893475,139.22883846241083,124.52124519090903,155.86962801240762
252,No,83.44742598596686,135.43757308382698,134.40346432929053,139.23373207183198,144.9854614132194,144.5218827262069,144.75691599421134,151.92640163800954,155.78612649854173
253,No,85.12474310724086,119.1768885069281,115.36681781377908,129.52677159836387,141.34296165715176,154.81821247351968,146.91692570472287,138.42361647390686,162.26530539895802
254,No,130.37602517262738,121.3600914660571,126.59177227351285,135.3317788724569,132.16364958621966,153.87286250118578,133.78381194208617,146.45770174116566,142.1269088508223
255,No,76.99396714352011,104.24069159465493,107.0955051837888,97.50968135343841,91.06361565851307,112.60210473974782,129.2314818721631,131.52337345343884,147.42946410433325
256,No,85.89649487277006,101.83698238948521,84.91080449400992,130.3188091905573,115.24917684367117,117.13553672831034,144.35124258214861,139.03933806857367,145.60443605819185
257,No,92.98649083650022,112.23199925298533,128.41172776866873,142.85377307038655,145.19178063052763,146.30494703733135,149.88938556983098,145.92444088063928,144.0253098760898
258,No,107.37788581858057,105.68321575952388,137.4368155579999,137.12693279630437,140.77644358233175,135.0890929579098,161.36236047053475,142.69276687021804,138.50185393411695
259,No,88.8624301016644,91.47060262007818,86.76843666921962,105.87328310580222,102.46015623134765,107.461318335997,121.01524775365768,122.04304608488988,138.4001260764216
260,No,102.36433786445046,96.10546845932554,125.39166301379453,127.89631134833633,150.2624870625236,127.268902532121,157.15877713571302,162.42913131672358,142.73474593871845
261,No,78.12220525227522,70.28417457572911,102.05992666855056,84.92424419613539,106.75858063907941,87.26421714970922,101.3916239979423,117.58370840421163,147.14960670715823
262,No,108.0045586701083,106.70417108616805,131.82342144192782,112.97979147762223,137.1080307102294,138.10565705805,144.2593784638187,145.86100102961487,164.7978487004879
263,No,97.72100982419119,117.78287397735976,133.81979683796573,130.20303466626928,150.4881922332707,145.044629890803,138.92320945121674,151.9184954669043,155.2196283577523
264,No,152.85156814035176,159.30811619219344,166.29579597716761,165.68467110558439,178.56134077531357,179.35556170344816,197.81916797893328,179.88917312830773,173.09736873731197
265,No,117.62596095306094,111.56715680356999,119.5775925954634,129.99038590074977,159.02598514250698,146.4726985952387,161.16043157925463,186.78873654116302,185.34509315511391
266,No,107.18933406302699,136.66508164557374,160.10693417789182,151.99990124116547,186.38013983196285,171.90430928980513,178.10564496186083,171.80040095327576,175.50019295858314
267,Yes,76.81503255577913,67.94159619517777,50.76060169656651,70.49003112149379,76.20734568367885,89.65019082501934,103.03455342655981,116.59472532575988,132.4706846568449
268,No,102.15437433786943,88.86340347026362,115.93668727046669,116.29465246872066,121.97715475833336,116.39142701153595,130.49943288306557,134.01893371225788,137.76064050911924
269,No,86.46539311891476,108.11865066073402,107.18940548060353,88.13455763144324,115.57260789337309,138.9984599065653,132.62644548332855,138.16527555479152,139.2871741221753
270,No,107.21499993040747,120.11069196336518,116.90189294897743,116.45010948936442,135.3908044200559,146.30058241445468,135.7403508225228,142.36571545230254,145.3440398709704
271,No,158.464734170072,144.19690628097328,183.0661888086334,194.23259125639336,217.56957679226758,209.33710953775017,214.47587330593075,200.8344946965081,189.14839117179028
272,No,108.92104731251496,107.58957826145186,111.66606080950777,126.24033670653452,124.48206747138777,154.53069131760068,140.84292193027375,149.87538245336023,146.6822175796022
273,No,99.03479778028414,110.39586960337769,133.2286698250625,109.38393529729812,131.80874406852888,138.26686888220055,145.28141846321537,144.98814285410577,144.43586437151032
274,No,118.47843845933501,134.07521466142597,148.49755958486654,155.67985969458712,164.38350609471541,182.81143904061733,160.19668733369394,174.02443332840767,169.7570868893054
275,No,109.39014285569493,107.5588730053422,123.49336174780174,124.2952330630403,101.60587473772063,130.74095210586106,129.08427238716678,138.29113075325654,153.21961226319962
276,Yes,69.42767257447377,92.45896773267575,70.72691739129911,58.22712612871739,78.78902558068103,93.56796273105793,121.70510376861358,136.7602517280803,129.39279642676294
277,No,112.15012097506667,108.10074954919116,124.78483009905807,131.5513360334162,138.56204426242988,137.0503970110495,132.83519639606965,135.7097803503758,134.24305515971818
278,No,79.5679981840533,84.9210195712293,109.45398286738093,84.41132428549841,103.23178704800978,108.6826690450416,112.09134477242341,126.21281053419348,154.45961201778485
279,No,117.84260384899991,107.45820494657151,122.80475142269478,147.22336465481771,148.6776289949092,135.34221863227805,154.9321374710641,148.27188498356674,161.39428517095078
280,No,99.21855379209525,117.71651251701816,109.45142778812136,136.87400433532227,131.1426453861344,136.2881669233272,133.35801913615737,132.7798328899156,139.02352896654003
281,Yes,68.23316845917158,59.1992968026571,67.98406114245195,80.1122708356104,69.65035408123751,73.44412437973648,91.12388906794385,114.3516324864878,137.7417238196695
282,No,91.51517594702291,102.31891088688491,97.79815901922596,108.53709289512842,122.1497689794737,117.27884315729776,119.06948373484582,131.83479717137632,134.18140094031608
283,Yes,91.39486615248343,94.35548182658178,75.30485568907748,97.01078305124962,78.25841274187928,103.01574565420219,114.6801966911093,108.33390744020716,159.0098343061891
284,No,101.35278278951247,121.11216424126651,132.70775055089146,156.7264784516206,136.4699014583689,162.6862286780311,147.34960681427398,165.23956053440827,163.85162791370132
285,No,78.86049922078907,88.2959216640146,61.181698085632135,101.25759013977094,88.01790265137058,96.14041887427706,113.10098771273232,126.82803951797733,149.6754328781734
286,Yes,67.16410717422147,88.1247009389587,79.41300546083963,64.33926326430166,82.17952597657322,105.22441850408964,91.36497201644337,117.72744376978591,133.23335272129208
287,No,65.13904209260741,83.43746161659323,75.64703560979717,74.09156578714652,116.39659076550498,115.67169371581716,121.59137124149271,126.67319199690502,156.85015491534466
288,No,97.38793969739508,108.68934214779149,97.64341212183969,110.57683578579972,149.97765937267766,145.92101603011818,140.2389753903455,158.2905133460187,158.17909648026838
289,No,66.84026291574507,79.98319184236165,85.85401430589921,85.39040378412409,112.96650339977677,91.27695153314261,107.38784086142851,132.99474679988936,136.1403835330761
290,No,109.92699045236688,114.86739584281815,111.33544252854168,110.84933373282902,136.61445278050238,144.18203319828308,149.87467490532686,158.07115123279706,152.0872292089712
291,No,126.15450824602864,111.21830217957269,156.5045226421069,154.86694172356977,155.6273692536167,162.33106282685765,173.52867150325397,179.18337690803966,183.04701413432147
292,No,117.02574539351232,110.66246124986634,84.41169775611378,89.18306641958903,119.1618434385084,128.1071806457681,114.85125791538157,142.86927113208031,158.0979979331383
293,No,99.37431003370509,131.22549571230473,137.66898747233668,111.55439119605157,129.6828935013563,116.84016386842083,127.5555336139417,137.55519765274525,153.4883981120384
294,No,100.27896351308199,118.07143088421239,134.59333112922423,119.2023366695142,147.78684658040322,136.782839233305,150.12724958376248,140.1073200041181,161.15375611714273
295,Yes,67.38432570192575,68.36286153163942,83.54342974828256,98.07034867267586,73.29751499648091,101.98495941701674,111.54978647040019,129.2686032547313,127.21689584675357
296,No,100.1238370210746,115.62593890291915,125.63342209876386,129.15426211085259,157.33819618555742,145.4384796196214,157.9492599911109,138.73558809861717,155.05390255092033
297,No,105.12340834051398,114.76591125511108,95.51751976393382,108.9031291511276,112.0488058241171,134.8991478887056,124.11670490555842,135.8332908930577,157.75833781635632
298,No,130.67654088048897,160.6649677550153,151.84904377428947,190.12320965724797,202.93975636156517,201.26993414739889,183.11742397223134,182.19558560483026,168.4758298598188
299,No,121.65632260167537,124.63290097199781,150.908546063779,170.09015687683268,164.21765786759872,180.86873646048372,173.03886850363062,173.40633455632855,184.22931133385882
300,No,102.22325790094084,118.86825195708957,120.62660176967255,144.8113876995107,144.62422948761528,145.83732132198043,179.65756937878456,180.28264559878357,180.74850470140757
301,No,103.15556235039516,94.79517659770492,142.2772956747251,131.93499886641433,138.8880612409976,150.44267499688343,164.87073233289587,144.70523243299274,141.86511447630647
302,No,114.2844923169716,130.5581340636244,132.15457462173512,133.77584513390045,139.58588204096588,132.51603733200554,155.78800853575473,146.34962855699857,123.55586015602145
303,No,93.80743189551735,82.58237987867003,100.61590207802334,89.98353103153602,111.44440466474275,113.21354276005798,115.08302885381903,135.54290912331743,152.48518017921478
304,No,137.41362430372547,138.19819045237125,174.4603439375612,185.47069458102482,193.85262850799865,190.8762433570917,169.61568671338037,155.08417846775225,191.5193152486832
305,No,70.43992136130497,101.79889760837172,90.10740135662421,95.85747924323553,123.6674653651583,134.89567308263798,116.46914367289861,131.7096958122005,145.3233819285435
306,No,86.64537257252076,113.11894225182138,98.4481277572068,103.65985995785795,101.86902861876385,107.84431926100243,118.67232139154521,134.76339623011054,140.91091416642766
307,No,92.52752821552785,82.30375147299394,118.2415235105566,117.19399137430746,130.43669544555704,140.01027731122596,136.62964703900133,147.4295106089047,163.00999827906276
308,Yes,78.53725742843727,73.96621867632479,86.56988808898991,86.47197179668888,102.64535125923274,111.00025355629916,147.54586224961733,149.19687942608826,162.0286563695871
309,Yes,83.22659082321739,88.43815216069304,77.53618444566433,67.47653541639738,84.95422374937732,108.58749063376217,125.6508239396695,154.94055198499936,143.32423787931666
310,No,123.99735278198685,114.72784851283646,139.92427397690727,145.44290391642795,151.28399075814798,155.49629618606477,154.55531673147817,152.67572155627101,158.71152068677773
311,No,84.15454304635516,97.70768984684571,108.24270724622029,100.75186350370917,118.14803385288448,129.33252225497165,144.4826988432688,134.81904596668574,132.1181952730925
312,No,119.71224274749108,124.93728661373267,143.2543590278195,130.16510103433947,158.19206780585338,131.66940743033433,146.57205871728257,139.5560510522593,160.9271439317533
313,No,119.95546694205639,87.24010369700046,150.41065876105833,128.55697715445993,141.90382857212072,157.9381880913881,159.30636810133862,167.36102380931572,148.66217546823694
314,No,142.5632306068547,154.69425741711845,162.84678496902092,179.9176499666532,200.73746666701038,193.17293170799704,178.93443559554035,178.70990175959503,146.30791456317147
315,No,120.0561011848834,108.80032710595945,138.7108115238158,136.11255091403058,147.03464189945407,147.26250200385394,168.98150884935794,154.8732421494418,153.50048638682657
316,No,96.12563793713312,113.24005241570656,90.94737439071169,100.997065302447,130.7680875830135,118.4166197016533,136.84933304182047,143.2588902281293,134.64664215191453
317,No,88.08783759152983,74.2672565492896,84.63998908614165,104.78923329259158,104.02262412648278,114.38084544788155,98.05065347439256,114.0878505033225,120.61633760930178
318,No,106.35530352475934,114.56010799132957,121.52604227745593,117.57594326411646,124.6050798572964,127.71086093107438,133.65435059157429,141.84232791298518,156.03001557586566
319,No,95.52929626799727,113.57550198202794,125.31099231873486,117.87287120781643,119.48211014814788,120.8426433335682,150.74434830479618,153.1031379690422,154.6555637444328
320,No,101.60510403056914,118.58079515229056,120.32382275747867,140.74995608814848,143.84063946804937,135.5970709774277,142.84839569121806,148.26998947343534,136.83355655697173
321,No,109.72897235995691,128.27142479550687,138.17329726906522,140.50076378053916,150.98449622104252,142.59468540606994,150.038923705432,144.5869576934505,145.12852099859788
322,No,84.39393683434146,80.13639375551813,75.54011285697719,102.11247039005139,95.65525619085491,109.59579980791383,120.11133186528942,131.16725399829832,160.24182810833463
323,No,87.33309922919699,80.5555938302352,87.96951724522485,107.79887849676928,84.43769866162575,124.42007737351851,113.6303409140561,153.07565100879157,153.62745181867507
324,No,95.91970610437703,101.12243612539002,111.53488543930152,100.13048578416296,139.1382971235343,130.54211968091082,113.13938057704402,144.69791968929363,158.20407503009116
325,No,105.25067403678678,107.61046620495775,112.91190331195978,121.88337959341811,115.61417070235325,129.48976910093216,143.78783185879473,124.08172186295613,130.50056313460115
326,No,96.19748817952404,93.42604174802594,101.94277281093783,112.71877412304737,115.08407892767994,129.54990135820594,122.29346226777213,130.798614848998,161.0145249506236
327,No,81.6348526725177,81.59418215138476,79.91419195861653,118.17590218880744,110.68514574330351,106.71392068081823,116.31055894842638,119.67456330773662,156.03003447673277
328,No,81.01943556361235,64.62048172266586,69.92181545148611,72.77630500640316,85.04240067440708,88.59905762064997,92.79483929075747,96.20183214887544,123.08517569117653
329,No,69.01622976286771,70.93731374138395,72.10475930874985,80.83776720912748,98.50837167703477,101.13746121016786,110.9844289064612,126.84719028712824,126.97045426575042
330,No,95.49413489171643,106.43828307450384,115.29123634397205,129.78469606040858,148.18778028251802,144.52379508687864,147.28035399458884,174.7525554438856,179.06320312913172
331,No,90.44135742452276,86.72314339395476,88.31309577639178,93.16077585666923,105.33522663601003,109.46258470884433,127.03477662117339,132.73322664129637,147.54131678763375
332,No,94.29657335939318,101.58370168936798,113.101846065844,135.2378954864237,126.3030302681161,148.74543295840226,134.35486410838027,159.19508414545675,183.88853967578981
333,No,118.07991956441128,117.63886275116089,122.37135774532395,119.63007229172766,133.47512474386008,150.6713759086528,143.04028800598527,148.33359354225712,149.0189865314084
334,No,84.2567849244162,94.29820179868824,97.53642636888104,93.11824546677089,113.28832120294442,120.62045882109558,132.25769231505586,135.36021227985566,151.59152153794045
335,No,70.54688491423539,74.2911023425487,93.39878197782743,99.53379436521692,104.3870953681323,93.08306052978683,144.94936847455307,130.52548200657685,151.12650496536455
336,No,103.35767809984164,126.60309021236473,139.63010460484645,129.9530044676807,134.81850878562503,132.1902819911891,147.94930278161937,155.05794684940318,155.02965573710324
337,No,61.41029529400478,94.92849277325956,102.34403857398844,90.78959309962046,110.8160805158053,120.40762302430285,137.74591447428833,140.01026939890738,154.42353504097116
338,No,99.85426577437683,117.06050083627366,121.73419963599032,126.16486219346316,127.48326079720347,144.28102460745276,131.63463183445515,149.11350995838177,143.37122400046744
339,No,62.48776389769634,88.93293022081589,77.01589406885768,77.6402599428043,89.2216961148991,103.7498949252431,96.17433808133765,129.5662067326074,145.51024648011685
340,No,82.3231570601348,90.56292719756286,106.81766745423022,114.27157425208179,112.53766933545427,127.99121618438599,146.83500411826196,145.05222639413302,145.06078658437056
341,No,103.40558656846532,86.3449380703596,102.21822388624962,113.26795914238734,128.7901904607931,134.9822342403417,149.83369929560027,153.8214599263877,173.4629768122329
342,No,87.32735952047703,102.03998215803534,99.16070941231736,126.2604436483584,104.32838896489277,123.89743361005392,140.00641989697033,154.66253409334246,156.85269061024812
343,No,113.71457210961857,123.18908528124388,136.3010203626638,170.29145876291412,166.4592980415456,180.30317105897763,184.9706878702161,172.75916308091632,171.06857779752897
344,No,86.51961019526863,118.34808598166259,127.03092699813898,131.38830377108798,120.44312882710565,114.54888157939827,137.91136864284755,131.4561440306938,131.21095323799813
345,No,96.59325044480222,94.47150411897306,103.24216148178839,93.81339361128923,93.8693570651033,115.16983830971051,139.9444486584343,150.0455410368509,142.52029888366198
346,No,107.202385719418,108.16544720397322,113.89976455652963,150.45558311745907,134.53966526503106,143.0008335265984,148.4132365674507,156.43567397949644,144.02634803004008
347,No,102.98272877707947,109.97283969731716,135.60339820507124,134.9919017778474,133.9022864498712,151.760222930288,147.39922617059128,150.9802018973719,155.53499265483902
348,No,65.86020204976124,69.11555729434019,105.69156630343029,104.87499914674714,107.71545591990488,119.83859193483167,112.68889991584007,126.85733974838311,145.2315570688726
349,No,105.08214389647581,93.25188746890545,108.38170471062914,109.66178688531163,102.70899601078438,120.21889877961829,102.80245427987691,115.87211385395788,127.38958763661311
350,No,89.84052621345876,95.83109551732677,109.3223319206474,123.20940566035203,112.58015160744156,137.17780538419288,127.84412846944994,140.88598953574038,144.46909717735872
351,No,72.85931728712006,84.86356470370367,86.82151911119107,76.32769295153801,82.98861450112842,117.83103002733938,108.04128012702355,104.6495390883234,128.9552185704066
352,No,85.73613652173918,90.14181192103392,101.53379801999253,113.0475379932042,110.26110390668569,114.8987844041331,142.8797256167362,119.91675440344825,147.85012251231856
353,No,131.2469987566988,128.43947988514995,119.64372341500987,114.653017268677,135.02248266409862,154.17160060471076,134.6229291918543,171.82097343526007,168.83291608110505
354,No,67.40811911971936,57.710972110080434,75.01196392554192,100.24377405098167,81.77717022351754,107.89267559902206,114.41742632366594,113.0337601807515,122.23392892243933
355,Yes,64.8703066834877,46.68754225971184,55.53806422082976,55.83557020652992,67.54406326360558,71.96425292854482,102.78212772352029,103.1770174397142,138.42862138936317
356,No,75.50244102428465,71.17848099803511,82.73791039833434,85.3769239814252,99.52105730986823,109.41930010860062,97.28591674302554,123.59732472760615,134.48363206207353
357,No,97.40165229476719,104.81241248737494,132.5674403689053,153.51763402876347,156.21540657151405,185.0798328319815,163.45982984018215,188.08356888741866,174.26132057275586
358,No,89.94936845060025,75.66710870141917,79.3770023232258,102.40276514722274,133.85656946258345,115.86829086305045,135.48085782418013,116.68624626734295,137.67336264049234
359,No,91.27092062664312,99.39890727697062,89.29489512278847,114.15406725959963,110.3675612732006,116.5075670213818,133.87950786918648,120.75426158201289,128.7919964166929
360,No,104.93298170935705,85.00559957987741,113.81788477309459,129.64293042901357,138.67746726190992,118.72615069277629,139.20285488550687,153.9025594947393,160.76234540438833
361,No,58.24575434890735,65.02575579240488,93.55848541912742,63.1243641984627,79.09759838958607,104.36800420489749,123.78127418861651,131.61133820791983,136.47257936773025
362,No,82.04889298560343,63.86713380191065,88.85767647698879,89.21257257906022,107.35727395943128,85.88677779384389,96.1501508830168,126.81745845172566,138.1047870220348
363,No,115.39454877533896,119.53913127808754,121.8469172620365,134.5536414986384,124.00710104209655,139.17114918813246,160.6011346564736,173.81034352164264,158.73905115233867
364,No,112.4396829210123,108.77693396811874,120.51131293101628,135.14499817981266,150.35014677197677,145.79292312329488,155.25867951230128,177.8355213818349,169.46444892372216
365,No,135.50590381748816,153.1590175528596,167.81008728302675,184.91179845144617,189.0098755579539,184.37827427350322,185.89792814589575,155.7156990648407,172.689372361808
366,No,102.62026225251707,107.58407858796815,141.8272023036415,153.05113278804782,178.57003723125027,172.89958789684147,188.06249617455012,167.91987492520394,177.0915545441719
367,No,111.43507478711572,114.22143069433565,127.91534746122282,136.91556780294167,142.11576623294417,158.70721242121436,158.65697267028816,147.37089675575055,150.00276305271308
368,No,80.81650486839658,73.7669409257463,103.59143256003483,89.88168865424215,100.710402594675,103.82566077648713,114.6091231530724,127.46861635892148,123.26124554234015
369,No,102.47849240429782,125.835861107017,119.6720477332287,131.64013643767967,144.09013912055968,145.13015632720473,146.68280906671993,153.3706202200976,158.19677091565237
370,No,104.98244197859556,115.67641354207278,121.99699301980318,130.47149410787873,135.4255260536251,121.54866174477606,133.04064009362165,145.9522026915702,134.9106582470157
371,No,100.01427151271525,111.76756539800911,136.853876460445,122.9498956668289,138.61481764016077,137.58714163883684,144.81098096506247,157.2550435605122,139.93026819794275
372,Yes,76.81958803075258,60.8119356877103,58.36365981089438,49.3940423751024,56.68312392282964,68.63441459319158,96.21792731380225,118.04964246744876,144.27391487356059
373,No,109.82685158851092,132.61841756341295,131.35533951101894,143.28159680754496,159.41114983499665,166.86853160168636,150.89262311435724,169.2813270940369,156.03826425868414
374,No,78.96947002418693,90.86154832617477,71.33573148802202,87.03416813817671,88.53279225941525,111.613217524945,126.32328408511606,126.10387405073948,142.45446304757243
375,No,103.1503566721831,96.86480001489527,112.10454864157596,137.15456822156852,154.9081135306596,120.55394373031005,142.26846870227575,148.24193544050033,147.28722633090086
376,No,108.60080459274938,119.89363126916857,144.53752872353766,120.72299913550732,158.34238355625325,161.4924231103223,168.0794666525077,152.7136724498209,156.5935347528089
377,No,110.18299466068925,106.26725368352832,140.18276588420522,117.31968319426515,135.6888018677539,153.02974387284516,137.38019216612233,153.94512790644424,165.11283906475407
378,Yes,66.93769472436063,48.42169660812795,40.582798963049896,51.37842905817547,65.10289342705951,72.38829886318067,89.2040828672107,108.47650276188054,115.07782664908643
379,No,106.26969677799957,99.51433097399746,112.45375401838673,119.06701628862109,137.75058421410188,132.12763356928357,139.11451960362382,132.66152493638862,146.9474147762525
380,No,90.0369582913717,83.2327839794037,82.35393583592284,109.69499407377555,103.37266372275117,126.43448501269302,135.894592706481,141.9769647872585,142.63686767707588
381,No,119.67468511231499,122.78420872829756,119.24670351250423,125.61263281998767,136.186724527148,151.32790893559672,171.18595837148473,144.55182529547895,168.4683610064677
382,No,104.6023633415908,114.58221409625597,115.7694877059226,156.7220568437749,155.59240335544408,157.10907855567743,164.52893692817494,174.21088445170457,175.87845903097244
383,No,98.92368471103566,93.20888797435137,102.52756166834054,132.7542519141324,129.04654110168477,130.11187101432185,133.3018765580702,166.8401594168423,152.44384833503594
384,No,103.18813706308244,109.20330041462793,138.99243419760208,142.97907575054623,153.03079043321793,166.7184972123041,168.97808374608928,162.41519380517005,150.14147674761054
385,No,69.57057327786409,78.60441000974555,86.07214747409486,95.95735595120792,109.7030501788599,101.06103491035057,104.25855692047806,112.23297131573239,126.06226446208598
386,No,119.16153268297194,127.80287724355509,159.60530806354888,170.13001518290866,166.58028644058675,173.7784650809159,211.7516259947796,187.9854077965024,153.92516657697956
387,No,104.20000437204612,90.05124847863502,113.48498561221432,124.89287751447245,138.1298845929917,136.6135697312537,152.54418991726766,152.11397392840246,129.4596627053183
388,No,97.02894330162437,110.44052574571,117.89589789277025,119.81773517800119,121.75787205868043,144.97336648030918,160.63151014472277,137.38428043932734,163.18672082754316
389,Yes,78.78749390302146,55.26538539034823,81.21957318333801,76.79034272080435,98.60099641709658,94.03788834360452,126.0774292344746,117.76194281883787,173.46786471245716
390,No,94.44868183757279,97.65284391849363,96.24892811646329,80.22527260724054,110.76038098285412,129.5238502812031,125.54143777161823,129.30729686753995,128.62165546666492
391,No,85.05993107829448,104.58704815764847,114.84110904033912,126.40276806498491,132.50305644835106,124.72958498064855,136.47875501247242,145.0841255945119,152.62600504943225
392,No,76.26940649927525,81.83142548609507,84.3587569227671,100.53962444954604,87.9940261801735,85.789053443635,113.33042707391601,123.28596249011477,147.9138130871826
393,No,85.05756026330245,96.77887524117719,83.36150636033008,80.27471415771167,115.12730658912234,94.96322711745637,110.01515928289508,123.32887050078142,129.8301920667006
394,No,103.73549110712138,91.81540681484849,94.83510795684812,98.15309293253799,100.74703420889455,101.41102770324002,133.51649017288887,137.20191935397293,128.78352723228537
395,No,106.78452762132457,97.45463356771847,120.66167021443879,130.18794600801385,141.59364545291427,136.74328210081427,143.80678776293254,151.13794253474663,160.7973097493724
396,No,99.33319634711414,121.2911967628102,97.41567790061784,114.18927116410876,114.6271751440429,132.7617514970032,135.49529592167482,131.15948213008556,149.72432084797384
397,No,134.867901237612,118.97877742373929,134.4289702634687,156.6587710289747,158.9327856729958,157.50264201395623,175.0644954534745,159.87083901705307,169.54778618686325
398,No,89.38485260099534,87.36325674218841,79.22414897974596,84.34595555900069,97.33011664187255,109.8901585432726,118.18357705728427,132.41749833743074,153.97865948538927
399,No,100.92140022753789,99.03834544282499,103.61549870659086,130.82207164268587,128.99527221229337,120.8949436155365,128.34741281187436,153.75958622258216,155.7098311251238
400,No,80.93376450797467,81.92042304150127,84.38765056668319,107.48241024724436,99.82630279368969,121.2912379974311,136.84939100693532,124.21090178270656,136.77683785369607
401,No,108.81943924948808,113.37300219778618,138.23254538580935,127.31340964244971,127.40197363054098,122.00136461729393,154.37705829976224,168.31944157526956,153.00860714353843
402,No,168.31273458399107,170.02882233972468,171.7375078637142,193.73661741172108,208.91281593430529,204.6788515453477,205.06787943080235,204.70820691002146,195.16042297807795
403,No,116.19151668674408,130.61812377938384,153.71406300635553,136.2060697184288,156.81588718073723,183.03169979597135,157.61426386093498,167.57598723614205,161.54632544984867
404,No,100.08264571748454,129.86277571858088,144.20412597082563,148.7036511283019,156.02478517520228,160.34673848608517,169.66693702502815,146.8541074372126,165.23644959368653
405,No,82.03108843828397,103.36493771386561,90.75727676626306,100.05370782484813,95.73559867793637,113.44885093443675,129.74769544887337,140.78880181114667,137.51205923526558
406,No,92.50993756899598,115.07585193043666,112.07245995780171,130.46867915723988,138.55579178888863,157.528685191562,148.57997656912312,163.34265311365397,147.39447374647327
407,No,122.11740520714415,128.67000461915012,143.19984109459912,141.14994797601102,133.6207943086312,146.16702989820666,162.51045595159673,169.9616072006059,169.3515957007935
408,No,127.67137122128159,171.48709574414445,179.23735164196594,184.15781333732772,208.53182956671606,216.33165652214697,191.3519260370756,185.62022087801128,179.86744090202248
409,No,87.49829427357106,80.08870721316421,83.80710995761407,93.13790182906175,106.17723896531197,110.86891011984535,112.85800231075571,124.35302380305075,127.32421927993433
410,No,96.68667285902787,111.07939558991704,119.17688451280024,136.98896868890932,134.4131812825654,132.94702408285298,129.81139144477868,142.52932839087572,153.66133500667905
411,No,97.34482915996426,101.95668199369094,85.88082683804858,121.96738817471332,133.9933350234294,149.03478303982752,141.08307645930648,161.94270285183032,174.92176246591586
412,No,123.56234279968264,145.4037815756952,146.55795284819095,141.87348422766541,162.3937803178544,157.37273147773874,174.05543561244554,172.85757506866392,165.12223079871814
413,No,88.21748243951556,99.68594903897818,105.45030745552336,110.8661493488076,135.64789047049226,132.11774392710362,136.69502560820087,162.7279251135198,159.09798682488562
414,No,123.9868708562014,137.00593926214572,144.46716195187534,148.3223759972896,167.37630528777208,173.88320942896328,171.48004517153072,170.16734086081217,182.75707378385303
415,No,104.27087661650998,104.25514087956807,112.88371756310559,118.54766179509404,137.32939458746213,154.36873980309988,151.03229662684927,142.91402408945865,170.95418225616993
416,No,107.8933802620448,144.61482174562366,137.0716266307727,155.60106459654725,160.46020410360074,179.92732192397693,165.22018834477302,195.99937788986833,203.84851266540525
417,No,86.54375494640428,84.7524836135942,81.73219538201926,73.7578744055543,116.31905427941437,103.40110462161383,133.449746125354,133.25993458959695,126.22857815669084
418,No,133.36651750589962,146.81688456132946,139.0934067312273,133.1092792602401,152.01197296552652,152.32376911144695,168.5496480578929,187.63106502174202,171.96708788084734
419,Yes,78.97494693554616,70.32765360421196,79.09688879878891,72.38569427294763,77.70104982454744,97.10085869645891,121.36076909274342,115.06131200578204,146.85617854083148
420,No,115.26594510696172,111.97826145957973,113.82030342019019,108.71392098255417,126.72700806263227,118.66311438662167,126.20614305846958,138.10328442146462,151.22123481033677
421,No,75.97182819117396,81.97162597729897,84.70862856187338,115.89297302754558,105.20415823370988,139.40301921896364,121.94770210665348,140.7132857155824,147.36886423108177
422,No,130.2166485192277,128.3049881603419,139.63115861699748,157.58116534994502,169.09858513207087,169.00462712400554,176.193729965761,177.30855626574092,175.26159440714622
423,No,72.19187801235095,77.05083114314027,74.06270653898801,71.91280693778477,97.69960575298497,118.11518744562004,109.51579861758148,125.48684617560075,133.10900454395212
424,No,88.21748315873718,93.9265464809986,87.46499238011458,109.6161792957162,113.21344073360414,113.23214464000625,138.7760689482573,123.35370621082433,149.3592173094077
425,Yes,64.57689152020772,72.35710758218843,98.83112437015075,98.39431685563855,79.43845979095948,112.7675131024052,114.85171772400287,111.7765552478715,155.0816478974993
426,No,97.10112897665947,90.75986829431224,91.65663510994428,94.47949801864013,125.24253334413964,106.01580202721065,113.74767998275122,125.15980851248742,133.94379541085775
427,No,96.8986483557675,80.5024681541635,99.93542239898,121.74440178020576,115.96198655155851,126.8035349113423,131.90916816321396,134.8296003884993,145.28911375605608
428,No,85.72503431720776,95.40307364993483,99.79917015423538,98.99766115322669,112.38948929122095,100.40496787240988,131.98511192525066,138.53740850097995,148.67740830036465
429,No,124.30131676986962,127.58907048507568,148.69658470415038,158.51441721039788,179.30054768371573,156.96504876459696,173.91471966428068,159.34726538332384,167.42335276740107
430,No,85.87124112643173,91.99860154151834,113.4738634847549,108.65638200814116,136.39553769646847,115.15805112396163,139.77925649568107,152.3882466337596,151.26161535914895
431,No,123.4187360216037,146.52003049874722,132.73396902232776,152.7745891630357,171.07499970740008,179.96191154397422,157.9502832725801,171.12838469106603,156.80575632537744
432,No,97.41329031081116,131.80698072019845,126.49890805466879,146.7507042718477,149.32762593069006,143.10269524686575,116.92719863318878,157.8715219649169,151.4461554284158
433,No,123.95034708742698,132.22590710095096,150.73917558727555,138.55044473072735,166.8644821938186,163.55992238382913,160.86373115212461,163.23564208627144,172.70871298262358
434,No,75.89000063423693,87.90807253170647,80.36542498079892,75.33165685480478,94.94679951179016,116.98492516608232,114.14666667666667,115.00216427078323,134.61015673072365
435,No,97.47341911059746,111.03680459509376,110.91644178317969,137.2092139218375,113.99990734088684,132.3414586526481,135.22388417313286,155.41517817886194,180.1278791088344
436,No,99.01571888892806,130.1772096928633,107.39036187307035,140.4411463085799,150.30687849466165,142.521100872309,126.26517149419786,129.03036685201437,127.01972820589845
437,No,114.5069817067876,95.55444159799447,121.93855244253407,139.09667923747037,139.30644667781075,171.5293620783674,151.61895552136966,152.1571751216451,170.6476682515803
438,No,84.51473067448322,97.44953217056889,111.13566552323914,121.86805034006775,130.5374924186414,119.93148793875818,145.23619449286846,158.14778233089135,153.5621441737534
439,No,105.07819077572437,136.0123315996597,131.47693280959808,128.86936784992238,125.47162433591134,121.26113768847267,133.25630771312473,137.23037766798626,135.89419963139287
440,No,117.10891135082716,113.82154642024233,115.90839554332078,133.28653644667847,163.77826797025546,145.85886730480402,155.7409444344032,144.36244832862874,165.33491764896024
441,No,143.526121450138,157.40527754365027,171.30212959669066,168.27533527175046,193.98708581042885,199.50145877854035,190.21729876337122,179.66305008533368,182.73669987441426
442,No,99.27038093392862,127.91742128330125,125.61948347352566,126.59548842170707,135.2297087960405,150.25031129733523,152.48613660654703,136.7904587001467,166.75077480381378
443,No,130.6684938053183,133.66631756059502,154.0721345277879,170.9927606986118,188.45412317882295,169.0044164603811,187.46279342596105,161.08584766378456,182.63552626885638
444,No,90.04090345394732,98.95815342407185,119.06182238883486,112.95216720092438,127.69468691276514,137.07469877328796,143.6415191494244,121.12580982886391,137.24530539416415
445,No,89.99576206665921,94.85159689187137,106.63409121899447,122.51512654968796,103.00422431008421,161.1985681443973,120.72789481993725,164.60821028735896,157.4465423090986
446,No,118.26654025432423,101.43335715894837,117.46684293971218,133.65141659829175,143.3179782417913,121.26557331641152,145.56911008720226,163.32170488786898,150.5133357268651
447,No,112.10481346559192,139.81021748285093,146.64063592767184,145.15925048867663,152.56300188461023,141.71932330144904,160.06932403232108,152.01070425445258,142.6337171797578
448,No,78.50666704893014,75.33346987669808,94.94059622625791,91.42543283116532,99.35523860789633,111.47473432527421,122.23322271568425,136.43100437310926,143.24957674629448
449,No,138.86682459986676,155.61231065021403,170.35125276461324,185.4952926414732,170.03858676025865,195.25542084002768,195.87915264751194,181.70275532048413,173.1373044631553
450,No,90.71036173379557,103.26226431064524,103.94490797129366,117.92563236191346,109.57276314373486,123.97005074275455,126.60987253490406,144.90753236827567,136.11849413931483
451,No,121.05950902357233,118.31472624054241,130.66174312290428,148.28910512883152,165.4872978666676,157.32620102713116,134.50182860246963,142.84447395889947,157.78187879882776
452,No,95.09603162168005,117.38537485634562,118.57111026913309,128.37302163497048,121.62697189249758,135.03991558505822,137.64467881007374,155.5311886174247,146.61743599484697
453,No,119.2391166035074,130.42131001836788,109.52956147866963,120.62462954688749,160.67320782116022,133.99627805038585,148.4952638756757,142.4763908027348,142.08680064038356
454,No,103.56395149873691,137.48826733478816,124.94318884759826,164.26347479346657,142.89218381488274,159.85148384866318,177.34367098731306,183.48797559675717,175.6900749057276
455,Yes,69.99737522580531,81.4537981009776,81.68825569403165,67.95363910605059,79.14987754975364,105.21453263543759,115.48912845406068,105.64870717560287,144.5518742111833
456,No,89.67800618371871,128.51145763414348,112.85462526692415,119.21995984375566,152.298244098025,148.2627750368155,145.8196570798343,163.5982930040902,156.7264094809677
457,No,109.34190397842389,130.58064854242656,125.32959494590722,139.48732183275155,138.4832457232383,159.1289661842349,138.7913177852117,170.38858819417828,152.65830554388538
458,Yes,56.84995754512155,54.46849423141845,73.34400842861075,65.24602947531318,71.41402316807948,76.70882001949221,97.03887036652989,121.18851637922018,138.24527459378118
459,No,81.31570490480205,97.34718518387386,99.7270366953097,114.11437583221836,112.44103378886687,114.65062411206318,140.49464939972745,125.92835632653487,129.36934540313175
460,No,93.54320437941374,104.13001694317414,123.7709203604981,106.24071880796458,121.30289061793168,141.34226062318405,137.60314653414858,144.22216849438163,148.81706415590122
461,No,91.46749551493312,127.32151023187308,101.1375884760582,120.66319637341401,137.29999457099063,144.81111972212062,159.22111129633015,134.23184893706934,146.3322090919033
462,No,109.13200929068972,118.85391513847982,94.66753988649104,140.47335656071346,129.62336218876501,129.29905544641113,118.82244616716692,148.54655160234705,152.42207637273955
463,No,102.1587945557058,107.21849782205145,122.58048200539147,133.08213615021194,149.31085488662293,138.81555135089485,144.6380034930699,158.53041244126268,157.30426826313519
464,No,123.2075271118886,109.73310350189196,136.4736626172861,151.02353929247153,159.03979122805293,151.05877033016012,148.51309781246113,164.4700006169197,145.51769230999776
465,No,93.91343920495704,80.58670482719876,88.6627039328013,95.17251214670326,124.37162659205053,111.28591714288832,114.56385035649102,128.74887926185926,129.30893982799188
466,No,78.83319154321882,110.60602692583767,106.92609157302293,115.42477449825424,111.15157555284935,133.04486870010618,126.28346679330271,132.96359104676503,138.804386383265
467,No,93.9693504568395,97.64157811668882,110.53594845517134,103.3793564685065,123.25522431031479,119.3114299049268,136.10180397296568,142.37904461782722,152.11728547951722
468,No,105.7984315816622,108.61743024603611,118.85782985175224,114.48239337689965,141.4714580508389,134.0795372297284,156.56760830624256,147.5888704972522,148.91716157067827
469,Yes,76.4402959000551,75.58406044478926,68.14774095925983,83.53832101021055,81.77307672978675,110.59519326216542,128.2005783896859,144.44660686074988,152.024985219519
470,No,117.89039664467788,131.91105475748535,166.0954098340414,171.78647966892157,145.17883508798596,172.3486130472435,181.32007655169636,169.08219676033812,188.41226291057725
471,Yes,69.39275248240216,65.52365987570464,67.22397378762142,82.368141606560755,92.33276895602023,86.83303707727143,115.84688998390565,134.78670500215787,152.28988149139775
472,No,61.915610647108075,70.24529456248918,82.69585013426615,85.66068614683124,92.1842772594598,99.85769717383391,110.85895682154174,134.08357433215699,133.7834131005471
473,No,79.70784945463465,101.40262166799572,74.59754254427926,117.80403989643742,121.48250316106763,103.07192918241532,97.38828232169885,138.26304263044747,138.56959851411912
474,No,109.19932942035027,153.68383351452843,156.43057989871392,170.26743911964087,168.3839998830661,167.0991982975076,165.81460828435283,162.3276031494913,155.8210450126982
475,No,91.23653619826435,100.49798090878468,127.60625425134924,113.57774327682188,119.3790384255743,128.15037792063336,145.6789805273376,137.2043886947832,130.90632192398186
476,No,133.67862629724152,141.7606342506846,151.06241682430993,147.5592166148483,140.74923167734548,155.21077701560034,142.5601002218063,155.42907927799354,152.27763858298593
477,No,108.55789586229201,116.33107658790317,142.62882355234,136.1184711530884,137.92547285980524,152.81283625937547,151.5025392848231,142.9211115047422,127.97564789742067
478,No,111.74095783660638,122.1632234096222,140.873996913646,150.12010892119162,134.06795954298698,148.99871049260273,157.1617694994131,153.1109638638592,170.55288171172936
479,No,125.20643907379014,181.52126747169245,161.3264438121157,194.05875861297693,203.78808942095347,215.54545841203935,183.7641689732501,199.1966246555786,177.9864361875668
480,No,100.63400860501986,134.8273976735482,130.53850215170718,143.62578572441055,132.45153785884588,144.2335554937788,162.0720559995368,165.65117886289386,148.11505329912634
481,No,112.00036679318656,105.33466479778355,148.08166326377506,170.08216418697006,167.6108756802124,165.28245543636382,162.38453215358552,168.6971950267102,176.90017857513016
482,No,99.39516206091186,111.58342444919145,139.23787206931917,117.80750177522485,123.33706416297568,128.17765175638584,140.23168883468844,118.57265492130382,146.70108485095838
483,No,113.91236795029275,145.33370393364623,127.63232472271771,157.0808684867049,148.07789355831707,162.7717331312291,166.9737760199555,162.09321482452708,152.23473951513236
484,No,101.53089870335367,119.17537184475461,120.6049653181638,122.45110660265415,138.33195659134827,131.60040986355042,142.318503060607,149.84454856610458,152.80341735851331
485,No,79.14701964089093,71.46098906734159,82.43048554471318,71.60477326051699,84.3302425292398,108.47515903388677,105.35222210278202,103.88069424975792,135.5662627327436
486,No,117.82670258234617,138.5188643422224,147.81029437138693,159.79623881250808,165.92429131176547,157.34941152088055,179.80715780338596,172.21843504400658,162.33958174064236
487,No,132.606960610289,159.69634010760944,181.48326919314673,163.20309364503126,170.1017687541126,181.33160891496954,176.11363175161318,157.0897664409731,164.13373609498936
488,No,100.88354021148727,102.13635422793266,130.8978950475166,123.9792320462961,113.88031273837383,130.2742173670265,149.31778531427557,142.3633636249715,161.0765574789701
489,No,105.43339975272671,144.34884402697057,129.0600134106821,156.9965643924478,171.83292849287093,157.7280621226443,169.08168155404792,151.08614573688257,152.0239387644817
490,No,122.2328477404457,127.21565362864949,135.88449804427995,160.1641814918681,163.4733823737335,152.29568053763353,158.6779020433757,177.39215346679808,151.52022651561978
491,No,86.35952676045373,106.82444008709491,90.72514622968667,94.45358752661865,120.68270557870028,120.64220546426638,91.52097036299855,126.77171750715141,154.44544548722845
492,No,96.35544420464007,108.34745134017756,112.16569408679055,107.61135853933979,139.31071973607516,114.4971418017782,152.52404682937924,152.58025184058556,153.71207215552047
493,No,80.59230573127272,76.22318663897809,85.5572776618138,96.0643557650334,87.36073548424088,91.22467585104692,114.24337121416573,133.87070793092556,149.91786848341758
494,No,112.6667728228723,119.32393656427074,136.60646513397108,164.08477380355868,143.38845038510797,166.47793955738985,178.69711624820155,183.44882520385443,198.04646208032
495,No,95.44960285499049,91.21746963594774,108.25639441953349,127.58638393513488,101.04087924489619,136.3809831925425,132.21505389558232,140.17149900125096,156.24945231034846
496,No,97.02266291219817,93.65848753359197,120.13153758756123,115.47205330934979,142.3597344137901,146.7178904557748,142.49494129990867,154.38477147016647,156.3707045903639
497,No,128.35511961338733,142.3557423768048,154.57408120551906,169.6205787459493,162.24310183010064,171.48699913517163,167.74911287523696,150.7018184729779,152.0342088211349
498,No,112.66184564941037,117.07390534451741,145.1408999706749,157.0187980258812,173.77914598901924,154.85908362605304,159.13252012711982,161.8006813673654,159.17710884104935
499,No,121.6417194794183,110.22772600513059,124.24338903569759,121.81208182215055,128.640352745927,150.77880579043213,148.12782316694293,145.82109197676075,155.8968309132658
500,No,101.2869182439255,109.73919747035862,122.75867942803231,131.2090351935801,135.24512954678823,118.63140303193799,119.51750110771101,150.4102837267426,134.86923789225227
